fold,class,positives,negatives,true positives,false positives,true negatives,false negatives,precision,recall,f-score,AUC
,Binds_To,18,1375,17,0,1375,1,1.0,0.9444444444444444,0.9714285714285714,N/A
,neg,1375,18,1375,1,17,0,0.9992732558139535,1.0,0.9996364958197019,N/A
,micro,18,1375,17,0,1375,1,1.0,0.9444444444444444,0.9714285714285714,N/A
,macro,0,0,0,0,0,0,1.0,0.9444444444444444,0.9714285714285714,N/A
,untyped,18,1375,17,0,1375,1,1.0,0.9444444444444444,0.9714285714285714,N/A
,untyped undirected,0,0,0,0,0,0,,,,N/A
